model,N,K,soft_output,hard_output,label,correct,morans_I_lambda_1,morans_I_lambda_2,morans_I_lambda_3,morans_I_lambda_4,morans_I_lambda_5,morans_I_lambda_6,morans_I_lambda_7,morans_I_lambda_8,morans_I_lambda_9,morans_I_lambda_10
ViTscratch,150,14,0.18766378,0,1.0,False,-0.008994592439709187,-0.004356214615708665,-0.004789764743807527,-0.0035247687615847286,-0.006085104853348742,-0.00356348484384016,-0.002901565217490688,-0.003022595761542638,-0.0030269242900723067,-0.0019904528689771435
ViTscratch,150,14,0.16518863,0,1.0,False,-0.0038484594420805608,-0.0056123605644456285,-0.003004046821341872,-0.0026902762059468253,-0.004119064036542458,-0.004005634065801804,-0.0025709790852372666,-0.0016042645820735601,-0.0019519678914037318,-0.0019750545501336825
ViTscratch,150,14,0.33210638,0,1.0,False,-0.0018461339961875817,-0.0025138381066931934,0.0014916212662398384,0.000982214436969652,-0.0010637772196727799,0.0007336507396425438,0.0033711601150253163,0.0023286948141551986,0.0020555581472640667,0.0017705613423527821
ViTscratch,150,14,0.54297495,1,1.0,True,0.008542225904761181,0.0051518336945685726,0.007539336930374464,0.006809268048920623,0.007576969944432993,0.008743095122910848,0.008245673865429392,0.006676148497480002,0.007136011618303775,0.007520327308173674
ViTscratch,150,14,0.20957102,0,1.0,False,-0.002799903718756699,0.004106138539235685,0.0007779889778503905,0.00030710710689548014,-0.0019724727618702005,-0.0016079470272354853,-0.002808615541433387,-0.0021602608233312333,-0.0012450491657901813,-0.00260314231245635
ViTscratch,150,14,0.18710355,0,1.0,False,-0.005549778517079935,-0.006062614093118005,-0.004626774426492967,-0.0035500274963174354,-0.003412433031339962,-0.0027320549122102442,-0.0021800915005122617,-0.0008946770464759746,-0.0005016652182880157,-0.00018546864156669427
ViTscratch,150,14,0.38341668,0,1.0,False,0.015424008481323298,0.007130147876568021,0.0008806730824928532,0.0007212225818466894,0.002294698695422105,0.0021846515704890706,0.0015073298191815325,0.0023378883238374427,0.0014991395855113788,-0.00017216836827955453
ViTscratch,150,14,0.18419044,0,1.0,False,-0.0030032188053690824,0.00026948400797232886,-0.005038609342271426,-0.006473533298290174,-0.0063526439014906354,-0.006688663058974808,-0.004532524780946988,-0.00486693661585654,-0.0027450328931587224,-0.002552765545431689
ViTscratch,150,14,0.3810162,0,1.0,False,0.005253767868234652,0.004328581824056869,0.005229489522399344,0.006618860137755814,0.00585312827311854,0.0045718446584351626,0.0033289235079374856,0.0030221280708321104,0.0034683025910549068,0.003830141764922779
ViTscratch,150,14,0.24675874,0,1.0,False,-0.002058649733306932,-0.003996160284284919,-0.003063716801763127,0.002711491575357201,0.0019950794297297035,0.0016833903664551031,0.0024263628168437854,0.0026918142689093478,0.0016042969962755636,0.0013568809046500632
ViTscratch,150,15,0.38247785,0,1.0,False,0.001565192202322695,0.002376955738500223,0.0035529998009523824,0.0005809244360630029,0.002179194151492343,0.001691562150455763,0.00140771510899275,0.0005076006922393177,0.0002529478082502279,0.00013100934049677755
ViTscratch,150,15,0.12181656,0,1.0,False,0.0063146017723555836,-0.0032263953196146732,-0.0015420541477266353,-0.00038090901903596743,0.0013535213395486911,-4.4638027930353995e-05,-0.0004882039880703937,0.001009896575596213,0.0021850049519065886,0.0018230611231184952
ViTscratch,150,15,0.38649213,0,1.0,False,0.0028637722090647318,0.001885543491812067,0.0034834485984550196,-2.2760383121828474e-05,0.004008968880315441,0.004945096873677671,0.0047621975189657195,0.004078312332257873,0.00399546037871851,0.004189822583545263
ViTscratch,150,15,0.5165007,1,1.0,True,0.017020789271365407,0.014517943851592071,0.011995571166316908,0.006563747763915784,0.004290066396678173,0.005847688258040271,0.00476786691590291,0.0039456088527990985,0.0034977013081216065,0.0028533587774208853
ViTscratch,150,15,0.31820905,0,1.0,False,-0.0010478924215365924,0.0033419284854313467,0.0027523202095883497,0.0021206784869120003,0.00024024290807883795,-0.00275333587408027,-0.0013085358984303032,-0.0012404000166298334,-0.0016775891052109373,-0.0016687824562898964
ViTscratch,150,15,0.1792329,0,1.0,False,-0.003384628249316879,-0.0015540568109259963,-0.0024788613498284047,-0.0007770892817366597,-0.0020188140113533604,-0.0029771006595854864,-0.0021285432717803162,-0.00013962863841032627,-6.40858384036942e-05,0.0005412664749638861
ViTscratch,150,15,0.11031468,0,1.0,False,0.0033277962868947675,0.00041883843073108507,0.0004328670346729499,-0.000512114118913656,-0.0010299831198547105,-0.0016200833430355436,0.0006424319540336954,-0.0011992801976791667,-0.0012132532339172398,-0.001908189559035798
ViTscratch,150,15,0.16178702,0,1.0,False,-0.0032541263509472964,-0.00199906870956289,-0.0032403771876675217,-0.0032555903809382727,-0.003342701850861811,-0.0021131541378957646,-0.004139229395014472,-0.0024498695535907994,-0.002459625716125275,-0.0020236221014168416
ViTscratch,150,15,0.3575748,0,1.0,False,-0.004138803491489385,-0.0010551264098344509,0.0011851438520424544,0.001388994194865151,-0.0007352370927992701,-0.002661678645725386,-0.0016856921204645764,-0.002117879761088482,-0.0024073986424001984,-0.0012772664318064265
ViTscratch,150,15,0.2284776,0,1.0,False,0.004190772013673937,0.008469921567744513,0.0036833471567925997,0.005891102518834791,0.00319188159992667,0.004450482645037751,0.003286488437326576,0.004997689617519361,0.004244349705262844,0.0031509275979199817
ViTscratch,150,16,0.961188,1,1.0,True,0.01967774972181248,0.012830472575625368,0.008039194650852635,0.008082578597060254,0.005888738881818957,0.006303409698731411,0.006242397040576544,0.005480254734367695,0.004090618715516646,0.0046352515011918545
ViTscratch,150,16,0.59030306,1,1.0,True,0.008422809483080206,0.005942100302258017,0.004129249280008126,0.0034755111997934423,0.001830636443382189,0.002198648557480281,0.0021667438579853248,0.002415793700917884,0.0011413394370453208,0.0018152005621619356
ViTscratch,150,16,0.25156248,0,1.0,False,-0.005087108572711472,-0.007570154523562443,-0.0054162265183790165,-0.004610826166322217,-0.0027894755785918646,-0.0013885272426892243,-0.00039442054624352674,-0.0017285504897775487,-0.0015596400468509306,-0.001028051954497223
ViTscratch,150,16,0.85265976,1,1.0,True,0.0004639435194981656,0.004233842346061532,0.00632129607152578,0.007403316306920509,0.005945252315361837,0.004485832756292055,0.0043535355547302665,0.005036587401762393,0.004012690181496058,0.0033296900916128264
ViTscratch,150,16,0.1694778,0,1.0,False,-0.00594720243744523,-0.006192439601548327,-0.006857796991000627,-0.004039111241300286,-0.002977374637605828,-0.0012831413679590229,-0.002661626140680992,-0.0015045316769269081,-0.0009267121438774498,-0.0008119106572795148
ViTscratch,150,16,0.42789868,0,1.0,False,-0.003221445948718574,0.00444447565352786,0.005855822855740703,0.005423663075281275,0.005369515861480593,0.0034432286963652875,0.0010827990216701144,0.001351592035448507,0.0012055316523332668,0.0011163840003336888
ViTscratch,150,16,0.090287104,0,1.0,False,-0.01005294921430049,-0.010488916766505414,-0.007474435665682273,-0.007189435570999834,-0.004342719693828332,-0.005744086040906212,-0.005504860724037023,-0.005465449671992098,-0.004754578100500037,-0.004102525280768497
ViTscratch,150,16,0.16168502,0,1.0,False,0.008263970675532731,0.005108678674575982,0.0026494135048719504,0.0032012577659465123,0.0016508689680416106,-0.0003595083349520914,-0.0002951002636290715,-0.0018961381363221607,-0.0012411499804416872,-0.0010930644079998628
ViTscratch,150,16,0.28916845,0,1.0,False,-0.005206916989943437,-0.0022622485518494716,0.001515875126363242,0.002651084074391639,0.0022518027236757047,0.0012737149022484186,0.0017454920649698467,0.002103439999968821,0.0016395782808618635,0.0018210922902037268
ViTscratch,150,16,0.3730591,0,1.0,False,-0.0012071610336814222,0.0021082966364115913,0.0042778199041844595,0.001557462211727078,0.0013847264689587138,0.0008454724462474434,0.001958326579653135,0.0014374724871161974,-2.1111873687766758e-05,-0.00018135700162888707
ViTscratch,150,17,0.44656685,0,1.0,False,0.005073000086695724,0.002976240305517324,0.004262942211952412,0.003367923658378397,0.003107792663717063,0.004589128166704112,0.0042610776128292355,0.003055233801127396,0.003021806655743053,0.0021288352971016345
ViTscratch,150,17,0.12943465,0,1.0,False,-0.009913654698273018,-0.004451572961435297,-0.005422642268184756,-0.005103955281151093,-0.005302719182658019,-0.003222480231779015,-0.003675580026454237,-0.003345684224539986,-0.0027638706125714526,-0.0021852152937507684
ViTscratch,150,17,0.17467345,0,1.0,False,-0.0027025571280015737,-0.001274220144924529,0.0013960749023501715,0.0014323020016966934,0.0013837634095198326,-0.0003157886454896006,1.4039920019288974e-05,0.0007212627677673841,0.0009794385781255685,9.02363224453011e-05
ViTscratch,150,17,0.76413256,1,1.0,True,0.00706767335465176,0.010099253915880445,0.00831507796689619,0.009033607949640747,0.0069949427190573255,0.006668340430973477,0.006704658425799109,0.007299718602927572,0.0067295439684715835,0.005684759417294007
ViTscratch,150,17,0.27156258,0,1.0,False,0.0017121575522397708,-0.0002628759848503304,-0.0016187445509787347,0.00031574872261120896,0.00128384099498417,0.000871668643020881,0.001815515897171015,0.002403350036470063,0.0023857842656275115,0.0018119374977930045
ViTscratch,150,17,0.14661925,0,1.0,False,0.0020184750918441833,-0.003359503465785694,-0.0002495581651820092,0.004591485582081305,0.002533392910578091,0.0004418227044093279,0.00036029982671693635,0.001203974844549892,0.0009254811688729226,0.0005265550560181986
ViTscratch,150,17,0.37841934,0,1.0,False,-0.00047789526506535366,0.007377395040027201,0.002792959588429983,0.0030886026988927616,0.002620724488549016,0.004509002414202248,0.004175400249326547,0.0049583973775099086,0.0037766613782067105,0.0025319103915407396
ViTscratch,150,17,0.48333424,0,1.0,False,-0.010703506347783755,-0.005347078699851242,-0.0019909135489541373,0.0007092460053979502,0.003611377935634722,0.0044550464093746,0.005015573711773433,0.00417052591708955,0.0034821610186994596,0.0035683226118949332
ViTscratch,150,17,0.39699602,0,1.0,False,0.008922512501325705,0.0022208307806596064,0.0006645505331397909,-0.0006814452521825072,0.000682983615622869,-0.0004493193415253899,-0.0004817860602502754,0.00014538176499986617,4.2109213063760157e-05,0.0007067873592632273
ViTscratch,150,17,0.2733271,0,1.0,False,-0.004767770828694758,-0.0009696605417433321,-0.0040152533851496005,-0.0032461385256745134,-0.0015368311873430896,-8.874218790830404e-05,0.0002736296978603879,-0.0008144392774414981,0.00027367891567588583,0.00010659788942513726
ViTscratch,150,18,0.19112177,0,1.0,False,0.00604000898442694,-0.004394339773479106,-0.004846555679141682,-0.003974616945100688,-0.000897017461635802,-0.000441455775066787,0.0005129885275999977,-3.5706847829614945e-05,0.0009656463686054998,0.00012072933144457867
ViTscratch,150,18,0.18912055,0,1.0,False,-0.00617376215816944,-0.006103509663339081,-0.00464684983568258,-0.0028523668670304017,7.69155326327958e-05,-0.00035570031364014085,0.000441415757813184,0.0001381325603795905,2.3254313459297126e-06,-0.0004666199083279405
ViTscratch,150,18,0.32644203,0,1.0,False,0.0007521587655957997,-0.002168630653536848,0.0015312399944477952,0.001270381165776831,0.0009388171234555601,0.001628747674140602,0.002545934393554465,0.0026794098976957153,0.0007232422736443468,0.0010785238316735814
ViTscratch,150,18,0.60467696,1,1.0,True,-0.001789709172259508,0.003995510662177329,0.0036636636636636637,0.0044971751412429374,0.005768707482993197,0.004565794463405386,0.0020482713633398564,0.0012600229095074455,0.0008378033205619413,0.0021314878892733564
ViTscratch,150,18,0.27748582,0,1.0,False,0.0013210592292999305,-0.0004062909333464109,-0.0020302860424986618,0.0008146761769842279,0.003847248749077248,0.003287563120009785,0.0018328336763132288,0.002612316954904661,0.0028610135499337907,0.0019305864036249236
ViTscratch,150,18,0.12816325,0,1.0,False,-0.004133162262191159,-0.0012650090263252596,-0.0006087635641329683,-0.00039264134737758085,-0.0011853775164901476,-0.0018848693788204665,0.0012647211260168358,0.0006203540989304829,0.0021196392864476265,0.003569370393268209
ViTscratch,150,18,0.49222133,0,1.0,False,0.01400713552196808,0.013647804086995341,0.012805928975285872,0.010913488372409016,0.006537793774421003,0.004108344053267377,0.003305408501072348,0.004087221341561034,0.0037733199191632167,0.0024713929468182304
ViTscratch,150,18,0.51044,1,1.0,True,0.011465518572211729,0.0018999989854039505,0.0038906982849727894,0.004649302185992564,0.0036680522403596213,0.003133393883949334,0.0027790628397500535,0.003313171132789246,0.004480103562133982,0.0034957172027985533
ViTscratch,150,18,0.16923158,0,1.0,False,-0.005696770829790385,-0.0029352291214636657,-0.0027322706742438562,-0.0003077619845134151,-0.0014718183110093272,-0.002331262967681961,-0.0029382228314716193,-0.0019683600409895214,-0.001649065366992338,-0.0008290722541906373
ViTscratch,150,18,0.6712412,1,1.0,True,0.0188627183144936,0.004693354367145043,0.002291116955312573,0.0010406023501867846,-0.0004034070879380307,0.0005985438003890502,0.00021094602692524678,-0.00017299757057655924,-0.0011992502901856518,-0.0026730147635499768
ViTscratch,150,19,0.34865627,0,1.0,False,-0.003106183678860155,-0.0007221496461618279,0.0019521990528260133,0.0007001781027774235,0.0002888403555183328,0.0011492064989066409,0.0007652378271819677,0.0004355851264331503,0.00044744088858448964,-0.0004297358554904156
ViTscratch,150,19,0.6669119,1,1.0,True,0.007465104833296153,-1.2506269290852797e-05,0.002023622158257468,0.0026022604097648786,0.002261513357540453,0.004451658408421167,0.0030563842859828395,0.0021021403527137564,0.0034514230514870203,0.0035618552257978605
ViTscratch,150,19,0.18339601,0,1.0,False,0.0003040574440916091,-0.00228877986282722,-0.0016319319405133643,0.001816066827289712,-0.00027267368615309633,0.0007983872492856224,0.001907534206818337,0.002072285411772458,0.003370373517912399,0.003826919940169307
ViTscratch,150,19,0.16159491,0,1.0,False,-0.011868667231420407,-0.00197742166388056,-0.0025960592415779403,-0.001487518613703868,-0.00023929951401520304,-0.0006440523009781015,-0.0010518487940902042,0.0007686030694918346,0.001547106225462266,0.0008379967550170786
ViTscratch,150,19,0.34526998,0,1.0,False,0.009034472508991675,0.008931481360529524,0.005974551317388734,0.006349907499847603,0.005424625172528006,0.004506158911166743,0.003093430292308434,0.002705089406972526,0.0015548091730363002,0.002170082673883554
ViTscratch,150,19,0.28376213,0,1.0,False,-0.003319256164043484,0.0019704954557444618,-0.0014699647505067599,-0.0010569323841004988,0.0016570447466785834,0.0017052155583479611,0.002523600509579264,0.0018841204731235286,0.00280522582358301,0.0026549039273131058
ViTscratch,150,19,0.15496539,0,1.0,False,0.0008932573922957534,-0.004175841104546941,-0.0014420858885331208,-0.001989214922492539,-0.00201383308804666,-0.0005611000398329275,0.0005222600571849013,0.001730340169404389,0.002116057520343278,0.0028433468485676173
ViTscratch,150,19,0.17576231,0,1.0,False,0.0035752813923051,0.006997428050063567,0.0060022682711191235,0.005691105914123161,0.004581918115754019,0.0028263399019652297,0.0018560377248202362,0.0019962311742023463,0.0023855071042014,0.0022102506804754034
ViTscratch,150,19,0.13324578,0,1.0,False,-0.008662708944153429,-0.007024938264675878,-0.007150255460227093,-0.0036096934515001235,-0.002438035830772467,-0.002138998754658297,-0.0013652864599356781,-0.002134097970694584,-0.0018994157529013634,-0.0019145152011971385
ViTscratch,150,19,0.49818563,0,1.0,False,0.011442011888564405,0.010805471454978783,0.006531598557375218,0.005724028545092637,0.004536366594369429,0.0018936872548903356,0.0025387921541147078,0.0017796090355943614,0.0018194831265723398,0.0023792027709904073
ViTscratch,150,20,0.29972437,0,1.0,False,0.005877525625171383,0.001231291923167864,0.002144012380379353,0.0015383496202512569,0.0010141885052267284,0.0016019211532044438,0.0015847917723074514,0.002044130498405234,0.0015887657942508157,0.0018244358865292405
ViTscratch,150,20,0.2294713,0,1.0,False,-0.0006129418763261292,0.0012292676348940872,-0.00022011130307339287,-0.0021271281754963495,-0.002740129181522245,-0.002244974383264177,-0.0018127425017047522,-0.0012479655947099846,-0.0019094319481365192,-0.0026932518193479105
ViTscratch,150,20,0.30928472,0,1.0,False,0.019657476746071954,0.010028565616810495,0.00873812909605076,0.006207805471822344,0.003744344560004256,0.002595251639113702,0.002956929784221785,0.0013193231224196053,0.001519421530734362,0.0007955607661461566
ViTscratch,150,20,0.43956953,0,1.0,False,-0.0005382199013383874,0.004802284976222632,0.004353129702562873,0.0009481714668607415,0.004225671044472631,0.002729520343655709,0.0024912604415514524,0.003447352330373872,0.0023390155408777005,0.0026379346885194665
ViTscratch,150,20,0.5492703,1,1.0,True,0.00748597609917777,0.009357181453492269,0.011569012707484685,0.010665677775945681,0.00882839063565869,0.006436036957791227,0.004682156832932053,0.0025821223289625083,0.003350589893194257,0.003472898716481224
ViTscratch,150,20,0.5910663,1,1.0,True,-0.004116570066307276,0.0015710764232652486,0.0010808884959560884,0.0008359527864111954,0.0024124720943850477,0.0037161495330291336,0.0032614062097169583,0.003757003595892134,0.00356563364752768,0.003109440904799971
ViTscratch,150,20,0.8126151,1,1.0,True,-0.011676009392548514,0.0021417921958216428,0.005045048416987563,0.006606782718911623,0.008544317809255492,0.00927619239033245,0.008857660329924244,0.007096322768558048,0.005937727549711463,0.005525913230013278
ViTscratch,150,20,0.4125176,0,1.0,False,0.013330448232118602,0.0054750296236371855,0.004863431382228684,0.004314874093786632,0.004043836184348863,0.001894851875584086,0.002777998838135417,0.004226463421947306,0.004557002499195932,0.004051179316671723
ViTscratch,150,20,0.50552535,1,1.0,True,-0.006259983998135652,0.0029259003472687367,0.00412456031841771,0.0028580972257163566,0.0020790157069444128,0.0019824108658062934,0.003011619277972949,0.004663568877092102,0.005163879203661966,0.004656497706487282
ViTscratch,150,20,0.63180196,1,1.0,True,0.008368735888784513,0.008894160028951709,0.00918169846056228,0.0072392534521245715,0.005514220585178686,0.0036970146140311417,0.003176765195743225,0.0030386792769894967,0.00339383352807815,0.0023807833702859517
ViTscratch,150,21,0.23776482,0,1.0,False,0.0014197613122661852,-0.0008200449638428046,-0.0002832801298200856,0.0017490898243818546,0.00227086156799048,0.002532601642917343,0.002241185753142565,0.0029618488232761426,0.0036822746515875627,0.0038035455520457504
ViTscratch,150,21,0.2739775,0,1.0,False,-0.002147892154580084,0.00013453364096199257,0.0007506029762680686,0.0016722638278328396,0.000707380639608778,0.0013044172892499907,0.002022067146160166,0.00152343111679915,0.0018799559881287722,0.0019377404358408468
ViTscratch,150,21,0.26623985,0,1.0,False,-0.0031554335750979003,0.00037829364226042673,0.0013348497352081827,-0.00039931934459236135,0.00036929856206964034,-0.00010337862428803403,0.00033094751695174346,0.0009364260777126391,0.0019023536888100896,0.0017822567328554771
ViTscratch,150,21,0.9807,1,1.0,True,0.01438347717082765,0.017809974909829544,0.014442281689205904,0.013677992375132494,0.010931195933864227,0.006766342100635741,0.007182612413739266,0.007031058215502674,0.006215558639230835,0.004640860297981169
ViTscratch,150,21,0.6604342,1,1.0,True,0.006337362411524727,0.0015102653967673668,-0.0017285054262324235,-6.401919229744392e-05,0.0014862230267130283,0.0031054011756199134,0.0031770460482982437,0.0036458395140781083,0.005445971269554491,0.004629328798410231
ViTscratch,150,21,0.5156744,1,1.0,True,0.010282262529202328,0.004883763872274203,-0.0005806808059610945,0.0013916181822055719,0.0023488118651726554,0.00310022379044457,0.0018299203839379976,0.0012730079070284357,0.0016964343709012424,0.0023248823533382024
ViTscratch,150,21,0.48094642,0,1.0,False,-0.0017592513872995285,0.004870251353389532,0.006905879955053076,0.007927362244261982,0.007289111434016943,0.0055005557666501365,0.005548099392126288,0.003311718426342108,0.0019598990181839597,0.0018684139449346346
ViTscratch,150,21,0.23344503,0,1.0,False,0.007883429463227105,0.004588461697079935,0.0038254666810904462,0.0006890754120619934,-0.0008814684858772097,-0.0004041215506382248,-0.0011312149796740795,-0.0020133505690874557,-0.002204588240393063,-0.0011705085613572116
ViTscratch,150,21,0.24012284,0,1.0,False,-0.00669223170715666,0.0008802104528525002,0.00030121960991419687,0.0004128941148068879,-0.0008607324002555862,-0.0012432500975584565,-0.0009031650582973346,-0.0005792902148028899,-0.00041646458886300064,1.20823868690145e-05
ViTscratch,150,21,0.5286011,1,1.0,True,0.0017884627060138134,0.00745157947712515,0.007927024674853064,0.005513291696632866,0.003899472675586595,0.0027902659682828034,0.002477964254468676,0.003068987012254397,0.0018687792399219832,0.002121265066355174
ViTscratch,150,22,0.50091773,1,1.0,True,-0.0011865882514616392,0.0010096239224721246,0.0015700635937643335,0.0022844222678208965,0.0044798314033746775,0.0048520843575898765,0.002999396158183768,0.002805901374108031,0.0028709570131747885,0.0036630040660022806
ViTscratch,150,22,0.108971015,0,1.0,False,0.0009844644169519808,-0.0021996540565823045,-0.002131990560923354,0.00033915142490246526,0.0005444011420097144,0.0011680903087924223,0.0005479130735691737,2.2845005824524188e-05,-0.0007765547959785314,-0.0004798677534442043
ViTscratch,150,22,0.48273835,0,1.0,False,0.010445831007502066,0.009355116372394164,0.008382920830171985,0.007139642915443266,0.008049464008394909,0.007743094017108582,0.0073339878400433215,0.006252334111045272,0.00585972979744078,0.005612546937066775
ViTscratch,150,22,0.18255824,0,1.0,False,-0.00033039701139527395,-0.00020962268626978278,-0.00068797841509643,-0.0012748674459713424,2.1062470691251576e-05,7.171008986173886e-05,-0.0026438463195480083,-0.00269116794285352,-0.0008497867739573981,0.00029020889700478796
ViTscratch,150,22,0.39097872,0,1.0,False,-0.008158513020425221,-0.0029269273860798297,-0.003189070123194544,-0.003823089519747934,-0.0014550468420790339,-0.0005025323286935689,-0.00010820393221880692,0.0017034151810920153,0.0024094003560220837,0.0010230082565027044
ViTscratch,150,22,0.15486461,0,1.0,False,-0.004803505503984639,0.0025008437719904993,-0.0012892336780174088,-0.0021582750531678333,-0.004608320773882299,-0.0053188707915883095,-0.004127148257923233,-0.004285130783203441,-0.0046075365006547336,-0.004934929553030017
ViTscratch,150,22,0.19825481,0,1.0,False,-0.00964451309198618,-0.006661104648026812,-0.0059176125229073225,-0.003673511041915162,-0.001011190002918577,7.821525718411065e-05,0.00022575306615087358,-0.0007439705719489691,-0.00017500613601826632,-0.0014367062323128825
ViTscratch,150,22,0.17289856,0,1.0,False,0.0035041476198063937,-0.00043295110469483076,-0.0006853029853660649,0.0003152331829169316,0.0028088303155888207,0.0018288496851526614,0.0019208121256110995,0.0015572098335956896,0.002295587983008847,0.002810772426536361
ViTscratch,150,22,0.9208551,1,1.0,True,0.014282792158503862,0.015949422303078963,0.010238930078486091,0.008805945799944303,0.008206324673225046,0.00593242406946174,0.006324475297536771,0.005984516205018898,0.006897972399862213,0.005950569246636059
ViTscratch,150,22,0.3267138,0,1.0,False,-4.872613103319016e-05,-0.0005943196075566779,0.0034374489951616498,0.0053589812879762284,0.005491106960330517,0.005027287081778221,0.004898492867944519,0.004673507463366956,0.004675192078286418,0.005004565753765918
ViTscratch,150,23,0.81455314,1,1.0,True,0.0014193142165336182,0.000751859412520713,-4.124107113632166e-05,0.0026325306925907904,0.0033452751138564867,0.002902579734431348,0.0013996274245143346,0.0018689620797162198,0.0007155737552860964,0.0013099722717893696
ViTscratch,150,23,0.21505317,0,1.0,False,0.0004684361309788234,0.004110147153210923,0.006392979020490645,0.0052014598060919764,0.0037295889185540027,0.002973607962349498,0.002472560084552973,0.0009403933718102341,0.0014466800950651913,0.0019459705443361536
ViTscratch,150,23,0.1201927,0,1.0,False,-0.011343473659634241,-0.0058166548505673285,-0.005382057820728059,-0.0064138292946090865,-0.003437799818439245,-0.0034610026551453997,-0.00277642605969777,-0.002901897729509232,-0.0024377943101463193,-0.0032287547171988996
ViTscratch,150,23,0.49442074,0,1.0,False,-0.009945813074425639,-0.0031072128998561334,-0.0022017165328786547,0.004464952928324455,0.006628766373649815,0.004674984354954087,0.00615721646371342,0.005769631786603155,0.004868071868839899,0.003961161615023117
ViTscratch,150,23,0.30609956,0,1.0,False,-0.006264230983161162,-0.00022447504954510114,0.004894808004980041,0.005468837131272868,0.00546030564966912,0.006507704632053857,0.006158191524669821,0.0037804545588754446,0.004281473512028093,0.0029163233773493277
ViTscratch,150,23,0.44598967,0,1.0,False,0.018697044390701613,0.0057855611230342805,0.006482150700979923,0.005351247071385689,0.004819269526865367,0.004286168405390825,0.0035420074910034946,0.0026045304709695705,0.002199249829913793,0.0024552558137608833
ViTscratch,150,23,0.21004729,0,1.0,False,-0.00842420499112513,-0.0009563232130398934,-0.002476363003479751,-0.0020486745803324725,-0.00226498721514409,-0.0003189459496296454,-0.0005899164978349951,0.00013278804397686173,0.0001164756293741119,0.0006384203399164477
ViTscratch,150,23,0.5340326,1,1.0,True,0.0005018964536456848,0.006384690400588785,0.006631555998283921,0.006200101028855475,0.005658670405955337,0.005742535230465395,0.00629172408309421,0.004340259386004854,0.0035402897181714883,0.0020218029915629286
ViTscratch,150,23,0.2567591,0,1.0,False,0.0030757044314895328,-0.005528542050051071,-0.0019099605579484841,0.0005428832971551538,0.0010266887206704354,-0.0003757996612316001,-0.0002488176220492343,0.001061332944872631,-6.719058261019126e-05,0.0007761845938847967
ViTscratch,150,23,0.3863345,0,1.0,False,0.010111231227342735,0.006285300323563431,0.004956049030263559,0.000340176007121664,0.0008176191121748405,0.00010750836657970035,0.0006148316404501945,0.0009070096121764515,0.0013711500692857705,0.0007032011630415521
ViTscratch,150,24,0.38237363,0,1.0,False,0.0018705012256097925,-0.0002797876933299898,0.0004391548110659319,0.002857793333358653,0.004395546533786895,0.0032027072626875912,0.002060762462528581,0.0018187753009275243,0.0030099740510331056,0.0023937904063206185
ViTscratch,150,24,0.9967855,1,1.0,True,0.014057715966928864,0.010774593478600252,0.015642041163038422,0.016876389144732874,0.013053799881144319,0.012173110212427007,0.012674622783208968,0.010600270019120134,0.009064289031611661,0.0077686300347297186
ViTscratch,150,24,0.49128425,0,1.0,False,0.01408260015844101,0.008752090351209047,0.008373955398537572,0.00646554227828312,0.0026363016896539223,0.0027066608340475,0.004074407792013036,0.004000707453690759,0.004255193598771279,0.0037336972760291993
ViTscratch,150,24,0.22069435,0,1.0,False,-0.001268907356728184,-0.00032802022336756717,-0.0006416456524469072,-0.00010173477864361413,0.0029103862014270916,0.003980034575877202,0.003161296578214842,0.0026951066716107766,0.00355803445335549,0.004347788297535623
ViTscratch,150,24,0.8066152,1,1.0,True,0.006071681010086252,0.008427633723730305,0.0038312243674932613,0.002314437957409383,0.0020726841265166075,0.002472401476826854,0.0022539490738378207,0.0022516554520195663,0.001985964939258331,0.002649551795379431
ViTscratch,150,24,0.10861484,0,1.0,False,0.0010381881320614096,0.001802878316194462,0.001579822730619749,0.0008359259842666674,0.0006237140944956928,0.0002713439197984283,0.0008669203517970728,0.00021695210152169626,0.00010725923865824961,0.0007195373032972657
ViTscratch,150,24,0.32354662,0,1.0,False,0.010951363402616232,0.006996472785798644,0.0013442215284259643,0.0035692536091173786,0.0031210230777785584,0.004185972829383907,0.003431332586527636,0.0035863747432819224,0.004090649421981692,0.003991920807807527
ViTscratch,150,24,0.33328345,0,1.0,False,-0.0005509761664389332,-0.0008655614297225953,-0.0016053703830278695,2.9395851634392428e-05,0.0012361645037277955,0.002972729685066823,0.002411277124500646,0.0037878818733965355,0.003652712992429925,0.0041278341112610285
ViTscratch,150,24,0.17495365,0,1.0,False,-0.008615462815749307,-0.00495834515485236,-0.0026333234065000067,0.0006350104419295091,-0.0011085539700018913,-0.0004446881235794265,-0.000606728828496104,-0.000959507606057849,0.00035763645636450515,0.0010316524131640133
ViTscratch,150,24,0.16990776,0,1.0,False,0.009143985698747418,0.00607669807280739,0.0030477672260373284,0.004627295988024768,0.0031397084444671976,0.0021132537551722132,0.0021470497870748322,0.0015685270834827447,0.0022838645451219008,0.001948224126949195
ViTscratch,150,25,0.32149956,0,1.0,False,-0.001807634399871842,-0.0013666974805665428,-0.0028442559797646648,-0.0006814690678275867,-0.0018625492475456609,0.0006859763559476143,0.002496758959871475,0.0034805527486344865,0.0041486568509118815,0.0031273877941642987
ViTscratch,150,25,0.501323,1,1.0,True,-0.0034029203040796697,-0.0017098461530933513,0.0015580657431342238,0.002910500565393245,0.004382217657445571,0.004192391015960787,0.0020231290781404787,0.002792914219661112,0.003365450202148604,0.0030912818016316217
ViTscratch,150,25,0.51890403,1,1.0,True,0.012100585219620456,0.008862929915558393,0.008484391219097432,0.00731248643826513,0.003223793073415834,0.0029117045912433566,0.0042138389290509275,0.003965271565650563,0.0035785331611092766,0.0038896572770181956
ViTscratch,150,25,0.5894905,1,1.0,True,0.005348866396648601,0.007609778930814629,0.003912954988439937,0.004861808899118344,0.0024312379240398357,0.004093411263687451,0.004248832914054664,0.003259058323423896,0.004396606405983687,0.003904156744923856
ViTscratch,150,25,0.46444023,0,1.0,False,0.006630459629222968,0.00386673372463379,0.0029744130388901333,0.001175130934169055,0.0007436695893494739,0.0026536170658583106,0.004345440054289831,0.0031178711583810864,0.003384512941762551,0.0036485930498769315
ViTscratch,150,25,0.50053716,1,1.0,True,0.0037368351257727256,0.004877068239507583,0.0023566169462462434,0.0035747718971451807,0.0026288499578044056,0.0012669023661407944,0.0007460318732423678,-0.00018235202335227494,-0.0007847984553149429,-0.0001717904479387101
ViTscratch,150,25,0.29553518,0,1.0,False,-0.00036198297479586464,-0.00417936315842006,-0.00048425990162006226,1.9098843981790067e-05,0.006272980567165672,0.003454531692121088,0.0030746446866748195,0.0033863275001326165,0.00326477882601405,0.003870178567089333
ViTscratch,150,25,0.3503531,0,1.0,False,0.006238580379567143,0.0074274294510124446,0.006852645098672224,0.006914318585799254,0.006216442911523765,0.005269422048232922,0.00498507110522209,0.0043859876233573155,0.00514721260785766,0.00393650364681151
ViTscratch,150,25,0.37702423,0,1.0,False,0.014758975404655785,0.004392715204425776,0.006000207156834685,0.008334083898313884,0.006763346179223165,0.007326142416974704,0.006901446461554528,0.006632724652591249,0.005090386593899914,0.004340034487917557
ViTscratch,150,25,0.32203963,0,1.0,False,0.004201346618778676,0.002015682549879705,0.0015865100346168573,0.004605368356680598,0.005745328973551107,0.005621906467296242,0.006386719163841149,0.0051025591275551336,0.005173385178711972,0.0038591497052391376
ViTscratch,150,26,0.7560034,1,1.0,True,0.0018446937837452786,0.006071625004779611,0.007174674550094554,0.0074045044023144675,0.007188908944073831,0.007932722671331603,0.007327213419593699,0.006784773363289979,0.007315361763810978,0.007176250260543872
ViTscratch,150,26,0.33241674,0,1.0,False,-0.002743261928480014,0.007573728356284264,0.0048390633234494385,0.004780856271994533,0.005515039584358798,0.004816106238892373,0.0025826432486738514,0.0035666148999156113,0.0033807554855173156,0.0035291202473355194
ViTscratch,150,26,0.25157022,0,1.0,False,0.0027490451724517303,0.004058006672674422,0.0018054719884613162,0.0013515954345415385,0.0027309269568320843,0.001369304389115909,0.0006014335047712809,0.0018902267352378544,0.0026146343407832174,0.0025353678497000032
ViTscratch,150,26,0.33577636,0,1.0,False,0.013670864394534679,0.011739499138942918,0.006972499674632542,0.005554054606341331,0.004595825057291711,0.0059606127579739845,0.004690964748684864,0.004460761657160513,0.005317856901380077,0.005489239155258913
ViTscratch,150,26,0.2716021,0,1.0,False,-0.00810484066444845,-0.0036389495827895873,-0.000470730031144918,-0.0002726654854244738,0.0009172912731759548,0.001520032821684927,0.0015773872933037723,0.0019334073121765921,0.004605330760044419,0.004712786976868709
ViTscratch,150,26,0.29421666,0,1.0,False,0.006143903220880985,0.008228408519393177,0.008435876477626177,0.006565674836589554,0.0040311026910425304,0.0013023138087451,0.001820451555313048,0.0013991937657350769,0.001958690896315124,0.002742046144526551
ViTscratch,150,26,0.7328213,1,1.0,True,0.008750406774849884,0.006760016522402217,0.0028643926488037333,0.003303550355403432,0.0055698182761750375,0.0036404003568453265,0.004606633766059298,0.0049953906001292256,0.005670906557059898,0.005573221454140373
ViTscratch,150,26,0.18287283,0,1.0,False,-0.001484047943393075,-0.0021992378316947584,-0.0022322250299367094,0.0008225384511971935,-5.68067232871428e-05,0.0005884161708547869,0.0008078302092819036,0.0011712532433893078,0.0014277729962073474,0.0007221969657884041
ViTscratch,150,26,0.19583952,0,1.0,False,0.0022227728283069777,-0.0001941884755852112,0.004489421106805257,0.0034430978561902853,0.0035958731936221577,0.004202489328522593,0.002725529488026248,0.002231202137315014,0.002939344939250282,0.002533327532969824
ViTscratch,150,26,0.7976623,1,1.0,True,0.0029948063135867287,0.007929270896581726,0.006725817426299002,0.006021419325833486,0.006884063253735348,0.006242624144772184,0.00636432674142405,0.006792727365877466,0.0057771579857174,0.005673299232606763
ViTscratch,150,27,0.90801704,1,1.0,True,-0.006262684748306519,-0.0005226412631322846,-5.397456062680625e-05,0.002638767373284946,0.002528117853726443,0.0035237904871133377,0.004218547596824782,0.0029454349513821252,0.003566188449008263,0.0038893694081276503
ViTscratch,150,27,0.35485423,0,1.0,False,0.00020801449450382883,-0.00011386232971173978,0.004584558689270561,0.002977283319035744,0.0021921806280665768,0.004262646560560833,0.005887004473931172,0.004611573405726396,0.00559871588729784,0.005068235523523098
ViTscratch,150,27,0.31019336,0,1.0,False,-0.005060689374797266,-0.005880844099877698,-0.0031955039663699885,0.0007297597241911739,0.0023045057161767027,0.0018160715685106503,0.002432444779956937,0.0032330840499170967,0.003800889978070085,0.00438987703844459
ViTscratch,150,27,0.37072355,0,1.0,False,0.003535189812561116,0.002374794645325269,0.0032823677190547142,0.005011614993262548,0.006150904458048727,0.005345825153844913,0.005829483185279411,0.003176027088916628,0.002519457066686768,0.0025173094757724172
ViTscratch,150,27,0.23287798,0,1.0,False,-0.0009899681651739391,0.004312674725513506,0.003366108919700581,0.003930681705973751,0.003988669681126033,0.004991221537578034,0.004699515015154386,0.003703508252901499,0.002664854475407495,0.003212758482310901
ViTscratch,150,27,0.6669905,1,1.0,True,0.0013156527961199693,0.007371267454226847,0.006715132428880161,0.008066330127125598,0.007309452561458982,0.00611225396166263,0.007214439390739551,0.006597931933389005,0.006182613779800454,0.006657121249357026
ViTscratch,150,27,0.54929084,1,1.0,True,0.016239038167765518,0.011497201422493747,0.0076507612140275265,0.005321372489788545,0.004358939455919522,0.002427805060213973,0.0029597472011463673,0.0031674597241714677,0.003923935175390634,0.004296258567445022
ViTscratch,150,27,0.14316401,0,1.0,False,0.011880060988038491,0.0019111595659581186,0.002685680245702548,0.0019734242610553528,-0.0011005914523918698,0.00010708408362495103,0.0014199418994221096,0.0020014183566194523,0.0020814924561310196,0.002213153185873344
ViTscratch,150,27,0.3883251,0,1.0,False,-0.00458140661359677,0.004517093150111208,0.004997231333733201,0.007732676984919604,0.007760332325093709,0.007545641938352685,0.006813723328956885,0.007101235264826602,0.007188607975404194,0.006821037480879919
ViTscratch,150,27,0.37163714,0,1.0,False,-0.001163695006621387,0.00040346301038487624,0.00618589581359949,0.005672156491005028,0.006838804908224983,0.007250408109616165,0.00804931304409578,0.006792448270372827,0.007540129586214078,0.007520175856874734
ViTscratch,150,28,0.71068275,1,1.0,True,0.009389369511157002,0.008793181192643548,0.012154867618014618,0.011947515783502399,0.010224236660930003,0.010080415680643932,0.009360041659988605,0.008331898146497029,0.007982675542115323,0.008131189817015296
ViTscratch,150,28,0.7672184,1,1.0,True,0.013476050185373846,0.010212477388832885,0.008691105906925777,0.004571941263829779,0.004592642339850801,0.004611122756941366,0.0033902161589645266,0.004202338464468784,0.005810789135737093,0.006224982547507177
ViTscratch,150,28,0.68588614,1,1.0,True,0.009494039333658515,0.008228598791774054,0.0029264410068911475,0.003994608148548946,0.0044299536403315885,0.004924871457365311,0.005949777691336697,0.00565225747764191,0.006037436210427312,0.0065266625337337646
ViTscratch,150,28,0.53311807,1,1.0,True,-0.0009184644562722777,-1.768252901487304e-05,-0.0003714270955773276,0.002635972975518706,0.0038202082188555212,0.0017494374623468782,0.002965111834290064,0.003414157608943622,0.003749649645223966,0.0031339620314783313
ViTscratch,150,28,0.24827434,0,1.0,False,-0.010110521203368118,-0.0029588867063182677,-0.002907984053643818,-0.0016443528378212433,-0.0008468001544355183,0.0013706486360573497,0.002940353235744401,0.003257658724951181,0.0034576014615150382,0.0018769931850815126
ViTscratch,150,28,0.8428891,1,1.0,True,0.009930798292193238,0.006461911011663219,0.007293573811319464,0.006006749867837257,0.007106200176267442,0.006911754392135038,0.007156761909227197,0.007496748373765847,0.006542469566309284,0.005021599238613366
ViTscratch,150,28,0.38023093,0,1.0,False,0.012733240678234944,0.004747193645289583,0.003344946877466263,0.003147571486130321,0.0036651249263059777,0.003545130682479894,0.001975845251355788,0.0023481995164877484,0.0039204471467445805,0.004097998014865203
ViTscratch,150,28,0.30905417,0,1.0,False,0.008562103671203369,0.0013169401503059723,0.0014123113617966815,0.0023200952351416382,0.0008935610006717965,-0.00018452414291495278,-6.020770415681144e-05,0.0012258202992813795,0.0007000105736724428,0.0011354124181224862
ViTscratch,150,28,0.35501674,0,1.0,False,-0.011995399002652368,-0.0016199214650751343,-0.002525312566816024,0.0006304174309988152,0.0004328574659399434,0.0003919390427285788,0.0016157649160650452,0.002117097844041289,0.0013771217873744686,0.0011513825793634227
ViTscratch,150,28,0.93492854,1,1.0,True,0.01838188755419347,0.015209723165398883,0.013610758238092116,0.011296102362471156,0.0122167708882037,0.010431801038932095,0.009862922303106604,0.009819727782742867,0.00931004736637335,0.009442411349650124
ViTscratch,150,29,0.79543626,1,1.0,True,0.0044648369065583395,0.0030420937788989385,0.0019103819297802002,0.002947932417966277,0.0024898920123467565,0.003444287441693399,0.005999667999868031,0.0051049803287748444,0.0051849871929734405,0.004957561091772281
ViTscratch,150,29,0.29736763,0,1.0,False,-0.00020928974474342785,0.004819612366841133,0.005078271000320146,0.0033846394673914958,0.0071908641542319995,0.006448365107034162,0.00573841607604007,0.00644503259124283,0.006583592768796205,0.006616078653322624
ViTscratch,150,29,0.9605688,1,1.0,True,0.017180020071719863,0.013284507114019073,0.010234832331494359,0.009032927287996389,0.009225729630267342,0.008333756572364443,0.009004871991306585,0.010573601385132476,0.010778821355004633,0.010831737441182557
ViTscratch,150,29,0.5892134,1,1.0,True,-0.009795431663456807,-0.0023305498270064545,0.001820234179946764,0.000885298718603227,0.003095794774109647,0.0045997718950160586,0.005019562925280046,0.004322151110879187,0.0019921670589383746,0.002543369290290655
ViTscratch,150,29,0.99275994,1,1.0,True,0.01742627146805242,0.020330413690486705,0.014497811773474912,0.015523698309867056,0.014951126440732907,0.013044272366203084,0.012724642974418285,0.01186554308656708,0.01095976222864268,0.010365430112900694
ViTscratch,150,29,0.5364443,1,1.0,True,0.005720347511137211,0.012341759722995938,0.010174902803110177,0.005756081502515075,0.005428311434876227,0.004138161619765749,0.004963744130862698,0.006059766037153812,0.006115265831634118,0.006080743356187485
ViTscratch,150,29,0.568251,1,1.0,True,-0.00253990216225792,0.0037364601417568715,0.0006255144671504629,0.004711265720364724,0.0032846165264443553,0.0027857199217104023,0.0025203722119640057,0.002745340289646522,0.0035563508868692653,0.004064195233758471
ViTscratch,150,29,0.38781422,0,1.0,False,0.012659255684622846,0.010244132402692917,0.008098086936560873,0.004769609116677554,0.0023828492397482146,0.0015574531770463748,0.0015665788636488238,0.001746816020084822,0.002992933485468562,0.003925665145201216
ViTscratch,150,29,0.20362593,0,1.0,False,-0.003726984092688161,0.0016939533252264157,-0.0012060376866045073,-0.0013765528430293283,-0.0009676969356689779,0.00020312183127476133,0.0026491895486226887,0.003241200627369292,0.003439170020473453,0.00421767269440353
ViTscratch,150,29,0.36205596,0,1.0,False,0.011981061725978931,0.014671894632135571,0.009992279822437207,0.006659347181881873,0.0037290471965775356,0.00413316981926375,0.0031887612513848552,0.0022154301319249935,0.0041419334650601835,0.0029003855449108123
ViTscratch,150,30,0.33513662,0,1.0,False,0.004668102784443437,0.005226034564250476,0.004967138831470029,0.003919708101373728,0.005376189193332928,0.004460762639011595,0.002464009965825898,0.0027098644314912323,0.0042967999095796265,0.0040002296009591385
ViTscratch,150,30,0.7939763,1,1.0,True,0.0016796325304023535,0.008018229783205691,0.009048398289490963,0.01114476959356004,0.009740200614402327,0.009229087262825798,0.009168455807766185,0.00823998119550528,0.007418029891072325,0.007959630197035791
ViTscratch,150,30,0.6335457,1,1.0,True,0.006215653484149339,0.002513509055736306,0.0033185780693838368,0.004654558714272107,0.006211091613758598,0.007506642720593058,0.006801009252754583,0.007271278499311846,0.008942264239880954,0.00949134402063688
ViTscratch,150,30,0.92970115,1,1.0,True,0.006985112463788469,0.01423715413353214,0.01428230314241182,0.013977164049620672,0.01385604631877957,0.013248777665486586,0.010648915790218705,0.009418315468346013,0.009296363414648673,0.009484540774328414
ViTscratch,150,30,0.97706085,1,1.0,True,-2.6342349501554325e-05,0.008911973862495442,0.0064992570973899915,0.00960871214463973,0.013458451959523117,0.01191704685492316,0.012921659928938166,0.012431248830036799,0.011597356399562199,0.010001754733230143
ViTscratch,150,30,0.9287537,1,1.0,True,0.009402136983469447,0.013698741679990004,0.011298186387738962,0.010113581307724452,0.009051635168046772,0.007850951660066989,0.008235756678772115,0.008120621857031366,0.007812666601441337,0.007127597723709798
ViTscratch,150,30,0.68586457,1,1.0,True,0.00922854517834481,0.0058004745941908,0.001836665603442755,0.0032113892949760707,0.002232374805961801,0.0028957336588351485,0.0033249882835014065,0.004522450786777448,0.005093914768088437,0.004365518266190485
ViTscratch,150,30,0.5548687,1,1.0,True,0.0035741180260648866,0.014544714806791294,0.011416263173862934,0.007508173987212745,0.009184866794783262,0.0095325167116591,0.009376635370547622,0.008397905314070876,0.007516051657610915,0.007675516510551488
ViTscratch,150,30,0.33747756,0,1.0,False,0.006255914047322748,0.005828542337488305,0.004646903592298409,0.0011895605198564317,0.003964064750716698,0.003221017984551587,0.0025983964990131257,0.001110970179839143,0.001306260145758173,0.0009200646929917484
ViTscratch,150,30,0.4463602,0,1.0,False,0.007664289589250127,0.002124387082229936,0.001348210417890992,0.0037415064724394217,0.00481155163897186,0.007129160997913336,0.007016120178710666,0.004955142344067149,0.0047136925364422546,0.0062671544189015676
ViTscratch,150,31,0.6905235,1,1.0,True,0.013101654729890055,0.007979400511146142,0.008693894275305689,0.007463307516881308,0.006380947536666061,0.008129149648548249,0.006619292061477055,0.007211532453946182,0.007137960127389982,0.0072319904472920695
ViTscratch,150,31,0.8189313,1,1.0,True,0.0005226358278951834,0.0050619761777642176,0.005547654192871119,0.006343673097207472,0.005599268278246427,0.005455160663306271,0.005278437208076728,0.004771342654949174,0.006125423700271892,0.004562603717817616
ViTscratch,150,31,0.7436824,1,1.0,True,0.0052209248519454205,0.008738508452436887,0.006696416732942489,0.006338423492152006,0.004442771578656752,0.006936359866846407,0.005147358084512422,0.005930581762795199,0.006426915285989744,0.006704311939662958
ViTscratch,150,31,0.59261864,1,1.0,True,0.005344594519468005,0.00312068699726129,0.0023528125462111767,0.0005032801331046348,0.003956669306750362,0.0026546014322751774,0.0033261418357285653,0.00244969324084931,0.0021832661991683763,0.002616386251206524
ViTscratch,150,31,0.42650682,0,1.0,False,0.007757422540922361,0.008147690974166202,0.008212507054956748,0.008713581637518944,0.008101113916361724,0.008183403023123807,0.009137304937887116,0.009199825295497089,0.009316946226249631,0.00906788278094269
ViTscratch,150,31,0.712474,1,1.0,True,-0.007849702973200963,-0.0006063153836091033,0.0026934282523548543,0.0029616221200423763,0.0029346705742187527,0.004744327876974384,0.006138839075695192,0.004792901978706521,0.004561316017929383,0.004443360775775015
ViTscratch,150,31,0.8434823,1,1.0,True,0.004921613140157564,0.005381730542920569,0.006409393149081022,0.004812303273015534,0.0067362062282609846,0.008540804788683291,0.006269868480217752,0.006668702015829933,0.006317983109822513,0.005181844352746782
ViTscratch,150,31,0.4041016,0,1.0,False,0.0024523607979891945,0.008170752649692139,0.005144301806218551,0.0020269956031276188,0.0028526423182542787,0.004241536859204063,0.003909551519756739,0.006329503352162485,0.006228030913640176,0.005090744063322111
ViTscratch,150,31,0.99901104,1,1.0,True,0.010387245864949128,0.013119629466349354,0.013369747505578183,0.011212329399494837,0.011448388213792057,0.010073174687811715,0.010673354111510942,0.009490013382293511,0.010574960799049156,0.010173124515101151
ViTscratch,150,31,0.8958356,1,1.0,True,0.0026572365115305908,0.0071111194320522516,0.005377940581972308,0.006007392786549365,0.006378190553660626,0.007680192056540739,0.007684086886152531,0.008367447187677306,0.008286167558039305,0.008577957413464728
ViTscratch,150,32,0.9836659,1,1.0,True,0.014586145682260184,0.018811109275362694,0.015496353693734937,0.01263414167998992,0.01088626947762662,0.011333707714823432,0.011157441964820923,0.00978544482562859,0.008851209003238525,0.008547325254121633
ViTscratch,150,32,0.7271215,1,1.0,True,0.007753706116106658,0.012182206773593437,0.008229899074039182,0.009506655808018988,0.00983852031328497,0.009390849149343523,0.010878574769835666,0.009915719618938158,0.010365379489593339,0.01020856917137668
ViTscratch,150,32,0.8825207,1,1.0,True,0.014317530441731417,0.012704698423727493,0.011381205137813193,0.009378366113517977,0.010593945973520215,0.010557308304841926,0.00930185229466013,0.007445438484007321,0.006978153352372456,0.0062743988928206035
ViTscratch,150,32,0.39636734,0,1.0,False,0.01340401865635655,0.015799446566134287,0.015263700765938082,0.011404549308354347,0.011442056232229776,0.010614242687322785,0.008378819521232957,0.009166032986928464,0.009470461662799324,0.009204925206731687
ViTscratch,150,32,0.34228078,0,1.0,False,0.006153866348822018,0.006178172244062555,0.0034946880851705023,0.004615019776371151,0.005189280195924206,0.005308513843984705,0.0032859467584306994,0.0033308464105037973,0.004093289098643176,0.004839952435216686
ViTscratch,150,32,0.96882385,1,1.0,True,0.01526002771245353,0.016932251010644224,0.01441028496969902,0.014498777698649655,0.010090105942568092,0.010282606335161171,0.009492756108909643,0.00801198284092085,0.0073790216025607,0.008341987115056822
ViTscratch,150,32,0.9810641,1,1.0,True,0.010041805468118016,0.007283919547914289,0.006555606323648147,0.009319779719581266,0.009676886065933045,0.00819827980738885,0.008434963450225413,0.008895911751741157,0.00846863603680155,0.009173010947578341
ViTscratch,150,32,0.8034532,1,1.0,True,0.013509462201097173,0.011714144018372681,0.010837255472304618,0.010143215150269084,0.009429814635324652,0.009993035754338127,0.010042916812213917,0.009207068935975463,0.010122648708905474,0.009630683947054281
ViTscratch,150,32,0.8625196,1,1.0,True,0.008018562513541896,0.005034851447770818,0.007735825168827632,0.007842012729508656,0.010111229578230303,0.009721291106531119,0.0071418225310321895,0.00828200332229533,0.007812525748008402,0.007106074271552279
ViTscratch,150,32,0.36964336,0,1.0,False,-0.0066280199921838374,-0.011321197173206671,-0.004723871397819539,-0.0010282534840557263,-0.003712975018427672,-0.0017870596656983943,-0.0017861690370596798,-0.0004812718218027146,0.0021343826156394563,0.002932609658403726
ViTscratch,150,33,0.54523814,1,1.0,True,0.00805194557406448,0.014678393317032083,0.013391577859540758,0.008923916883628917,0.006673016806837762,0.005852627438332469,0.005699292154301435,0.006310045652420785,0.005239906442912882,0.005719215990880047
ViTscratch,150,33,0.8533714,1,1.0,True,0.01708756242468974,0.01373291026022573,0.0089750270216439,0.009849721500721813,0.007507210326593865,0.008081858896346486,0.006585222142918267,0.006193903121609436,0.005790076622318176,0.005644282332426692
ViTscratch,150,33,0.72734386,1,1.0,True,0.011766301648985837,0.007545019275741515,0.006680864802012721,0.0032052858912416777,0.004195200101029192,0.00481614266058901,0.005411117655022472,0.0064278032330312655,0.00701470618638114,0.0071859154627429
ViTscratch,150,33,0.88993853,1,1.0,True,0.0037664809077951815,0.010651663664448701,0.007608313111699842,0.007336008116054021,0.009310069159619117,0.007973014543947622,0.007886421268103225,0.009166186745951245,0.010044013778538523,0.011707371062693053
ViTscratch,150,33,0.88185316,1,1.0,True,0.014488872429990068,0.008250460214240423,0.011640743655197126,0.01033929430340143,0.008095682752825859,0.007888929137810982,0.007695248326733911,0.007108576126159858,0.006634412304681234,0.006894227068244811
ViTscratch,150,33,0.9882763,1,1.0,True,0.010976264756146598,0.005225656637893279,0.003215457660998807,0.0027769204663069032,0.004457246951756789,0.00577376634922641,0.0055519221404052585,0.006844189485400274,0.007596630943205537,0.0075346836215389856
ViTscratch,150,33,0.5291494,1,1.0,True,0.01031640092749047,0.006629481146513966,0.0028159816365142015,-9.92386686992537e-05,-0.000701557683741032,0.0022757633926353553,0.0027662929506416262,0.004624653140479356,0.005010744704429352,0.005278293673448084
ViTscratch,150,33,0.9430096,1,1.0,True,0.016705684531712804,0.010532922120497919,0.011844848920162252,0.009683278369100445,0.00944594562862582,0.011576185646595962,0.010889090858963136,0.00893504979321379,0.008052905593824013,0.007282334627543567
ViTscratch,150,33,0.720286,1,1.0,True,-0.003107642872139491,0.0045915145317103135,0.002949827170185875,0.005683756491720237,0.007193872342047975,0.005529802772603615,0.006320572575601214,0.008631220342006436,0.008841882153578536,0.00829080700600036
ViTscratch,150,33,0.86293906,1,1.0,True,0.013059883013330748,0.01925500955111279,0.013264941061464978,0.013416712746417678,0.009757103033330519,0.008506645948328409,0.00559007986146082,0.00615050849537621,0.006614515858783803,0.006519825661799533
ViTscratch,150,34,0.7144522,1,1.0,True,0.01789529087542602,0.012433169881324327,0.009937405340600164,0.010528221696298502,0.007833488943009706,0.008430394746769808,0.008111362270898943,0.008404489073710381,0.0076800021991880905,0.008651683876764541
ViTscratch,150,34,0.6290277,1,1.0,True,0.002803215239830967,0.007390696938385923,0.0072280208662625495,0.011995763228294806,0.011246815412463982,0.011092537441433237,0.011996096798979037,0.012128137369665153,0.010336958594590787,0.011615575293052863
ViTscratch,150,34,0.8718991,1,1.0,True,0.021467609373782847,0.013365982508312186,0.014641657833777605,0.01594037032814573,0.013626849182976313,0.012529110511738443,0.011295575399640705,0.012516017487611428,0.012162425861142679,0.011045780990505752
ViTscratch,150,34,0.96691763,1,1.0,True,0.020565846664442586,0.01091952910301546,0.01109459305588959,0.010104512787051018,0.011405691430244409,0.009886417725998195,0.008169184836925074,0.008363877555905392,0.008093013265765567,0.0066378559360017585
ViTscratch,150,34,0.98608494,1,1.0,True,0.008636642615939856,0.01306158029974202,0.015269645504732948,0.01568566124173931,0.013184487791716687,0.01391707953162682,0.013219740228108061,0.013621687474667833,0.014098700190287871,0.013330533931004966
ViTscratch,150,34,0.45029536,0,1.0,False,-0.000563915014491702,-0.0012785784462848108,0.0028914566928016695,0.00374547659012695,0.0040019245934206,0.004190567197933316,0.004001080655276894,0.006187826936597305,0.007438370023611703,0.0074513274152285935
ViTscratch,150,34,0.7905948,1,1.0,True,0.016152373424835477,0.008931253821694903,0.006224475820676311,0.007158007968910253,0.005866802792047109,0.007341426499404696,0.005029889690458035,0.004808165416349318,0.0051480192823938195,0.005074483784557109
ViTscratch,150,34,0.90964717,1,1.0,True,0.01852302200975486,0.015713045960586258,0.013544798156186652,0.011753417112557991,0.011086569606319577,0.01204701377430821,0.011105868116411635,0.009568459641213141,0.009955381783963258,0.009480450055554677
ViTscratch,150,34,0.97826505,1,1.0,True,0.003078627149381138,0.009451554847316542,0.005485604930720221,0.005916290461057681,0.008126313963925547,0.01151734808656845,0.011697432371566382,0.011935617905464727,0.010415329832566376,0.011079487269734394
ViTscratch,150,34,0.5154655,1,1.0,True,0.006652862104981721,0.012744125881993609,0.009713091188126246,0.006554190450618288,0.00951663760419806,0.009983191265106021,0.00993712036846215,0.009695215403296202,0.00857519920555263,0.008637436719203197
ViTscratch,150,35,0.9895398,1,1.0,True,0.011031327928914626,0.013758797510282438,0.011554949726984214,0.012612423014273729,0.009858952968448248,0.010359877290767696,0.010169177898481575,0.010377424750825164,0.00962742586150789,0.009334115261110843
ViTscratch,150,35,0.96533924,1,1.0,True,0.0038259632621328483,0.007469966690952504,0.012198846616980672,0.015321074730636453,0.01194951834628457,0.012355039206373559,0.011836169744657997,0.010493146253738555,0.009961739109197953,0.009597582106975122
ViTscratch,150,35,0.99731463,1,1.0,True,0.004850367648238534,0.007830200745474138,0.009652609855280095,0.006258321612918793,0.007845697170534214,0.009393525952767826,0.011857934423800795,0.012588141869200856,0.012444788577965323,0.0132603108660853
ViTscratch,150,35,0.8135286,1,1.0,True,0.009916908466184733,0.011970093135230495,0.011753545538334048,0.008005176539581608,0.00848976277514684,0.009219510948195748,0.009543530603555695,0.009052412766652513,0.00948092825275676,0.007820972887807464
ViTscratch,150,35,0.93752235,1,1.0,True,0.0005779488805051238,0.008652585167156897,0.008676807425346248,0.008183134636933707,0.00900396586621538,0.009973774989760547,0.011139150126333618,0.011663762967258408,0.011796569872822665,0.012134174932804937
ViTscratch,150,35,0.9884276,1,1.0,True,0.017459595738653463,0.01397972594240377,0.014910001898445201,0.014524352773243888,0.01566950096533876,0.014128859264431482,0.013401619695563095,0.012636861899656565,0.011650442363084199,0.0112347362779367
ViTscratch,150,35,0.8391357,1,1.0,True,0.01778901196330608,0.01578201851122675,0.014929571945383519,0.011524453732071706,0.013600286871820738,0.012094136180721618,0.010332172878411962,0.010637690197704965,0.0105674899662848,0.010843121931873697
ViTscratch,150,35,0.98252743,1,1.0,True,0.015030613966913922,0.00664166079496136,0.012159749244036825,0.01267543073743576,0.01039161057354555,0.01240547413294442,0.012939184254304837,0.013754607102066971,0.013219005613829792,0.013138004799985925
ViTscratch,150,35,0.74010843,1,1.0,True,0.005343137338353112,0.004244441293736498,0.0036520457574577675,0.005752660784121417,0.006571772435789011,0.006239024650871464,0.008094438999549787,0.009151213344216216,0.008390089051424451,0.0077835846386258385
ViTscratch,150,35,0.86430514,1,1.0,True,0.007504999360110367,0.006406973191888032,0.00734379614053237,0.006585011695051785,0.006373133696134709,0.0067698871622806555,0.0069580377295480455,0.005158874122389936,0.005634375441263804,0.005569161402197669
ViTscratch,150,36,0.90830153,1,1.0,True,0.004162186411563771,0.0007568428521332205,0.006281265328669568,0.007242775308137337,0.0048393876997723205,0.005718749037071559,0.00819599368571451,0.007794553033498809,0.009203374262666675,0.008230979263164299
ViTscratch,150,36,0.50954825,1,1.0,True,0.016407259885642282,0.013286497287676566,0.007880285027103417,0.006645664406772175,0.00610917201622605,0.0042984481680093944,0.005416853220362976,0.005062130304077149,0.006300849621465253,0.006446295797160231
ViTscratch,150,36,0.9608133,1,1.0,True,0.013297039195783504,0.009616929055908658,0.0102364089751687,0.01119721387515895,0.009489286508702718,0.008596615326830896,0.008667889505601517,0.008498326527002801,0.008893224772505176,0.009384015812140482
ViTscratch,150,36,0.8877639,1,1.0,True,0.002495602073299445,0.0015578912600914996,0.010706792069351585,0.012595480651396039,0.012193614945233232,0.013470149337487764,0.01309600503230914,0.012561300260392823,0.011835601316739322,0.012006331524395638
ViTscratch,150,36,0.98379934,1,1.0,True,0.02159417848307625,0.013314161319806813,0.013059585877276968,0.015532629724200211,0.014230479416779586,0.011288863097646535,0.010928803927189411,0.010794550296433595,0.010778375629815028,0.009924959048941293
ViTscratch,150,36,0.9983041,1,1.0,True,0.012634987900082986,0.018289590774286577,0.019799996234624702,0.016891783668251344,0.015244154596560984,0.015403228327093038,0.016434601076686102,0.016025364339529804,0.015674935845409778,0.015437989352479337
ViTscratch,150,36,0.99683434,1,1.0,True,0.009414709892293831,0.012498078440084597,0.00866165931943053,0.011155945012666806,0.011048853812429404,0.011629911180099005,0.01244674598525606,0.014392735664167768,0.014469582187067264,0.015004500726506184
ViTscratch,150,36,0.93858236,1,1.0,True,0.010596065881351369,0.004966888687618466,0.008964072370050374,0.01018382776960813,0.011131570874811413,0.010370478357549265,0.010339566868036795,0.01267297869318698,0.011957995909579643,0.012830653378449264
ViTscratch,150,36,0.7925598,1,1.0,True,0.004991764438399439,0.01152073404939896,0.008663003322019091,0.007713689659984472,0.009745439870393828,0.010438516759091406,0.01171562504041765,0.010399428708456135,0.010919175786169317,0.009555096577794256
ViTscratch,150,36,0.4441848,0,1.0,False,0.012604254121301183,0.006588691713957891,0.008818445029960605,0.010928280717042325,0.00692167836476914,0.007153592937687189,0.0083445069786896,0.009320500320722411,0.009130708419496675,0.009241557757551642
ViTscratch,150,37,0.9984609,1,1.0,True,0.011695219972390423,0.013886219646687301,0.01363382859787858,0.016354119623771764,0.014900321171875888,0.013984609076831715,0.012803421096490828,0.012782317322453043,0.011069956609902778,0.01103559045376818
ViTscratch,150,37,0.95862466,1,1.0,True,0.014016760789215122,0.012806911956175879,0.011985823563498883,0.014667569100381075,0.011533646341626354,0.010764176717425753,0.012021129594035956,0.010736252130823475,0.010515898638791116,0.011870726963283925
ViTscratch,150,37,0.41700882,0,1.0,False,0.0025005708757347687,0.001880975589705212,0.003688623496925361,0.005260263861750955,0.008103529497869985,0.008033985951910407,0.009257785265487546,0.008850271087392149,0.008824005833386772,0.010626661022014313
ViTscratch,150,37,0.9994917,1,1.0,True,0.004787039589966968,0.01674261403901789,0.017731975133972223,0.015072309005835163,0.015060336163133724,0.012505959595325706,0.012767704964750846,0.013880261456593223,0.013597297825732204,0.013443795812117795
ViTscratch,150,37,0.997251,1,1.0,True,0.011620148611227683,0.010416657591392441,0.010024248844606135,0.011522521334213335,0.011112265585346032,0.011108408022967243,0.011301771505020033,0.012544618346491744,0.012746819209563992,0.012876381452171
ViTscratch,150,37,0.9923535,1,1.0,True,0.024055410104931486,0.019609443530387224,0.015784103521402942,0.01332488060556003,0.013184242429218613,0.012591549043938326,0.012559507458726957,0.01228306389002698,0.012589226860920216,0.013566755888080258
ViTscratch,150,37,0.9992099,1,1.0,True,0.005097932792908956,0.007648728715739392,0.00816434551820509,0.008599957138975215,0.008915181260591811,0.01083372455816639,0.011508232621948167,0.010324155223092518,0.010886773145824152,0.010333725952035274
ViTscratch,150,37,0.9972697,1,1.0,True,0.026134313763929957,0.014110723961406472,0.015820475298206887,0.013677450226514329,0.012741287711152618,0.015538798113854498,0.01494299483018849,0.013673589347542174,0.013581239408534026,0.013184253803930242
ViTscratch,150,37,0.9703396,1,1.0,True,0.0002491783739233999,0.005337035324454962,0.008959638221825958,0.007864696016086579,0.004038095876843331,0.005557847962334741,0.005275329285678224,0.006272813238363154,0.007789003654599873,0.009155853789936644
ViTscratch,150,37,0.34455118,0,1.0,False,0.009301471335613707,0.0032545460643334215,0.007909616392025491,0.007018522118050167,0.007179242097362375,0.0071470784782836656,0.008908876929804932,0.009926474371883808,0.009689215986890095,0.009118616577758603
ViTscratch,150,38,0.9983229,1,1.0,True,0.006497488001494481,0.011019179948781783,0.012481146425904099,0.010833145119405366,0.009040537360575815,0.010305307232027378,0.011704471875355268,0.012037083497600475,0.011897315427407549,0.01230154637952397
ViTscratch,150,38,0.9972773,1,1.0,True,0.023767034404435894,0.023040909786854146,0.01891612777651323,0.015494365747730951,0.015679264960766427,0.01622827373762393,0.01525288578392434,0.015673748540147213,0.015301262137563396,0.015142139730290688
ViTscratch,150,38,0.6325322,1,1.0,True,0.012425805721113183,0.013413405503628701,0.009276141671777085,0.006966091315346916,0.009862326234687408,0.00980012544537109,0.009332253876509421,0.010004405082674878,0.0115210465330823,0.010507298658608366
ViTscratch,150,38,0.99991333,1,1.0,True,0.020311988445095616,0.018577839975688973,0.01878438251988822,0.015487050611429616,0.014895804903026028,0.01386290985212898,0.01480227620017498,0.01351930775291173,0.012659998074935085,0.011569850328724896
ViTscratch,150,38,0.9985286,1,1.0,True,0.014572876163480655,0.009865645802976017,0.013384871079890595,0.01140619317661577,0.012801122697367266,0.012554189104670365,0.012062805188936024,0.013087616944568945,0.012970971693297457,0.012960587623728011
ViTscratch,150,38,0.99917334,1,1.0,True,0.018776119831866504,0.01641471127589108,0.011396182627432258,0.012733999701127131,0.013052331165572698,0.014328273366288925,0.015272943521057243,0.016985080340476747,0.01676528584986435,0.016692900672954987
ViTscratch,150,38,0.2385684,0,1.0,False,0.00811648522549455,0.005136693054659047,0.005348714607314503,0.00697997947202192,0.006469153229686022,0.008348679571367567,0.007815606994433849,0.007499591055364776,0.007197292297015892,0.007050604440783027
ViTscratch,150,38,0.6965365,1,1.0,True,0.001362380808052919,0.0005533018418024415,0.006402741846099883,0.0068529169664041,0.008316410018908788,0.011222363772375569,0.010492259503840902,0.009800306216993111,0.00935651756630785,0.010398920584883974
ViTscratch,150,38,0.9975852,1,1.0,True,0.014617392996715193,0.01339738182274127,0.01235803397868411,0.012468958884679755,0.012476394157132514,0.0130101059361009,0.012900649977240646,0.012541256013731772,0.011769550842683286,0.012282677957497202
ViTscratch,150,38,0.9990422,1,1.0,True,0.018143559430988276,0.012457847150065263,0.014840233074019538,0.014914516816883423,0.01626621734958451,0.016646117207306174,0.015786128473653994,0.016868101159540724,0.01639058289773341,0.016200742942919573
ViTscratch,150,39,0.6534285,1,1.0,True,0.015013017075254919,0.006760758205327108,0.0059280946777332914,0.007827234754474856,0.008257663638834468,0.008449598594055422,0.012210069909436107,0.013732491405611374,0.013473863725833746,0.01294183831526623
ViTscratch,150,39,0.9414353,1,1.0,True,0.014565655404985698,0.013094854865754941,0.007887631597915624,0.0076968418983759754,0.012577834233000905,0.012623692174476852,0.014116747904465599,0.014191770673368595,0.013976019932227739,0.012888769805554368
ViTscratch,150,39,0.9435845,1,1.0,True,0.01088492929289902,0.01190846645740849,0.010571804866711424,0.011724048919857469,0.010819613108284387,0.010439570598697863,0.010270516991098592,0.010336242000029604,0.010823716301779964,0.009343531037776631
ViTscratch,150,39,0.99732506,1,1.0,True,0.026474532771383685,0.017895960911861818,0.01352882901134023,0.013741960221910716,0.01470498313066695,0.014690537307873019,0.015505720950070035,0.014855470671603126,0.012811159058236073,0.013442822261314089
ViTscratch,150,39,0.9980989,1,1.0,True,-9.30595061181612e-05,0.007538675667723352,0.00999674330252383,0.010325001668736804,0.011390538012748181,0.013756721338780212,0.01457159309696354,0.01519927919306275,0.015457446341901007,0.016284953689799354
ViTscratch,150,39,0.9979493,1,1.0,True,0.019842005568147067,0.01375862661603198,0.011239511847492998,0.010327165101963428,0.010153165175654767,0.009453949586703838,0.010005125162985008,0.011597643264569739,0.01151507934406884,0.01246231656097561
ViTscratch,150,39,0.99858344,1,1.0,True,0.025563103718201773,0.02272592205438226,0.019577858103092226,0.019851666272027228,0.018931764602272645,0.01974222963041874,0.01910267664309631,0.018398648225026036,0.017853074784980088,0.01728630688767272
ViTscratch,150,39,0.9542261,1,1.0,True,0.013459342972816809,0.011705101467803765,0.009643810308908733,0.008351771697949083,0.011081760176672357,0.011180095292865714,0.010725855388256468,0.011215713137068036,0.011403086694822963,0.012956063093405142
ViTscratch,150,39,0.98541206,1,1.0,True,0.023308042236146836,0.01750021705795174,0.01723965471272609,0.012636226808637853,0.016352231942589217,0.016954762283527595,0.017509764902605172,0.017028877179513395,0.01718899358004882,0.01767156525088835
ViTscratch,150,39,0.9752539,1,1.0,True,0.027516305726066448,0.023566921710667498,0.020854701312358413,0.015457146744623146,0.015463093303656252,0.014910676838839256,0.01446397279256603,0.014331836068113604,0.014935518104600436,0.015367635280787694
ViTscratch,150,40,0.99948514,1,1.0,True,-0.004709320643111424,0.007084334000961726,0.012710605065325667,0.012785470181224199,0.01402777247198904,0.014861886059020878,0.013390011341510008,0.013665235329821364,0.014434458453798349,0.013782796673578221
ViTscratch,150,40,0.45107958,0,1.0,False,0.03359136522911051,0.020951171785075922,0.018707597032707884,0.013769875040533603,0.010662512014578771,0.011075930556417316,0.011763489389200863,0.011526850496443752,0.013118962120308426,0.012990282957910423
ViTscratch,150,40,0.7150146,1,1.0,True,0.013573081995823846,0.018431780507853737,0.013988889510834702,0.00839277538174774,0.009773524387896502,0.008589678706970909,0.009675845471406763,0.011820657742314724,0.012618348665907666,0.013290229991883161
ViTscratch,150,40,0.6020069,1,1.0,True,0.009958718662231775,0.014613194645055446,0.015218795758603921,0.015607712560437319,0.015373380007995076,0.013673373034838959,0.015606729769388136,0.013735410858330912,0.012717739681681679,0.01165794351829813
ViTscratch,150,40,0.84960914,1,1.0,True,0.012597486960551811,0.006937982102227757,0.007339221251400381,0.005744922557334269,0.011264559482144111,0.012509693477544988,0.013652960859455197,0.014689032162789948,0.01391834837144055,0.014313144729885414
ViTscratch,150,40,0.8330681,1,1.0,True,0.010773763636295106,0.010271444710561189,0.012468946462885476,0.015473480910207506,0.013901147333678934,0.015075570556329184,0.013507578492219577,0.012554828827175703,0.011869365956209259,0.011684533655194417
ViTscratch,150,40,0.99665964,1,1.0,True,0.03024573799882359,0.02747406330117905,0.02210112087210035,0.020021345774452966,0.017504275369854622,0.0184134570246628,0.01793728488075646,0.018085657533935193,0.017316661374638005,0.016663094052377505
ViTscratch,150,40,0.99959916,1,1.0,True,0.012616122492502465,0.019348389928802237,0.01909836033393157,0.015569297549214057,0.016233834603724996,0.016744498265941692,0.01600594307501188,0.015164244901817883,0.014894652338502089,0.015250653689983913
ViTscratch,150,40,0.9976158,1,1.0,True,0.02594310695209045,0.024368253986092266,0.020348743041986087,0.020167593069295157,0.016311470314361164,0.014318253262866835,0.013134426107565822,0.012859122894580088,0.012019625743454295,0.011010147020646737
ViTscratch,150,40,0.9982722,1,1.0,True,0.01966730732750366,0.015779706493892286,0.015408856517212653,0.017101985229851582,0.0180413097275485,0.017841180120695656,0.015783036661729557,0.01627096488498916,0.014917513960901992,0.015284659833321638
ViTscratch,150,41,0.9994986,1,1.0,True,0.006962634565695495,0.014087947110841955,0.019179642657620375,0.020967041249874866,0.02263520592073971,0.022170308602720585,0.02189244126486897,0.021782501937622756,0.020006546639402333,0.02049084511095054
ViTscratch,150,41,0.9997845,1,1.0,True,0.019291728538236592,0.014600438357255224,0.014567897104023966,0.015372453874039113,0.015965611888319284,0.014684818004765477,0.013985727843607848,0.015243677212446766,0.0169865793950354,0.016647945709464262
ViTscratch,150,41,0.79229903,1,1.0,True,0.02716550350556788,0.01702448425199452,0.012038716808984891,0.007718004845095034,0.009706749270135307,0.010156201414363894,0.010111132571840944,0.008390714423310896,0.00674343234106579,0.007174503190476838
ViTscratch,150,41,0.93219674,1,1.0,True,0.010342430621383028,0.0030617190369231317,0.0096046669623565,0.011805411159153345,0.010122262528451985,0.009809757249964903,0.01251816329835237,0.013735667710787063,0.013791628396281497,0.013254604026197976
ViTscratch,150,41,0.9944179,1,1.0,True,0.01283747687449328,0.010507437522676416,0.010738192629152753,0.012773035725905501,0.0139143208602763,0.012300072836381891,0.012519719383039671,0.01079583976918154,0.013246312786080142,0.01328308192970131
ViTscratch,150,41,0.99805224,1,1.0,True,0.014450956678505768,0.015488462973258966,0.02077401787668189,0.017267158282798078,0.018711500802238087,0.019006443894283156,0.018414733607866208,0.01882319837279574,0.01789988153928832,0.017263449428012504
ViTscratch,150,41,0.9998311,1,1.0,True,0.017737473589008842,0.024989011060618113,0.02157125612410562,0.01812723535517475,0.017453168383224443,0.01832260031020024,0.019285749366437493,0.01928024845056363,0.02124488584678834,0.0220771859446191
ViTscratch,150,41,0.9997862,1,1.0,True,0.022899500581068107,0.014893926805475603,0.016836440094104503,0.01612588727013353,0.016354825159410377,0.016830236609897083,0.017358993330678203,0.01717729683081447,0.016894776774583824,0.016512595479513677
ViTscratch,150,41,0.9999573,1,1.0,True,0.006169594746277584,0.0093797283802219,0.013692050065482035,0.013762301937154863,0.017560044336257068,0.01630643912052226,0.017521545186138653,0.016152311065804077,0.016104158807004502,0.01705422267269486
ViTscratch,150,41,0.9121816,1,1.0,True,0.005293466381312409,0.0074758736174811895,0.007742205825197429,0.009019538798092693,0.0093524289180943,0.009545136388704556,0.011457838161572106,0.012721619417644915,0.012850500981533692,0.014167754062610971
ViTscratch,150,42,0.97276175,1,1.0,True,0.016819341350253817,0.01813138623940732,0.016451251854777454,0.01579181887685883,0.017101718885179792,0.017106175296156035,0.017569599024076957,0.017224337815620872,0.0167629055512557,0.01739985793663703
ViTscratch,150,42,0.9996406,1,1.0,True,0.030404978442538803,0.027909244194771313,0.024004504440600708,0.02097737928008354,0.019649036521975503,0.018201992392954527,0.018965700595242798,0.01963981075550063,0.020430296861962065,0.019611369174888878
ViTscratch,150,42,0.9988493,1,1.0,True,0.00731898269279971,0.013843193703530847,0.01764272823917214,0.01831663254770782,0.016122268236485136,0.017873531612890126,0.019094169836141584,0.016528519403685035,0.016426549895021656,0.01651751537446363
ViTscratch,150,42,0.99892235,1,1.0,True,0.016720890828285834,0.01507513010663792,0.010684493346061719,0.0129659779309803,0.014923514731572272,0.015860344466192444,0.017266367131308538,0.017037138238677085,0.01648293887073602,0.0164352075113511
ViTscratch,150,42,0.99630165,1,1.0,True,0.020470216100348222,0.024134958738780257,0.02013550159771171,0.01998814204335494,0.019329680793229744,0.018183007287707647,0.018433187314241442,0.018547126363417293,0.01745556836797164,0.016680454030839776
ViTscratch,150,42,0.99873334,1,1.0,True,0.020710374127278854,0.007345038921835628,0.013951975741541672,0.015068184477544797,0.015328923826467488,0.015326293418642282,0.016591388078605194,0.01675638605356194,0.015263442167205604,0.015573664484216253
ViTscratch,150,42,0.99926823,1,1.0,True,0.018517793087896528,0.022440471544156456,0.02224492325333565,0.02159570907034932,0.021051241555600068,0.023910734977151776,0.021567734587200134,0.023608943462977844,0.023069641280530493,0.022614223890131988
ViTscratch,150,42,0.9999174,1,1.0,True,0.008359007569566935,0.011303154163950852,0.01405527516578358,0.014644284888696287,0.015475858389177758,0.015706301362640594,0.01482922320450091,0.014352138384928817,0.01413258699349758,0.015757899715921696
ViTscratch,150,42,0.92544436,1,1.0,True,0.019865279063503504,0.01782232023405649,0.020209948826923424,0.017830239324771312,0.016290059028325952,0.014334325067707163,0.012550396283683303,0.010962082606860523,0.00945077849082915,0.00880273607384363
ViTscratch,150,42,0.98707795,1,1.0,True,0.01904153229280002,0.016853715297174072,0.01870886060590488,0.020642511446270856,0.0210785511002985,0.01868022413743795,0.017614992180033918,0.017924820433079625,0.018424828542651154,0.01906295495454256
ViTscratch,150,43,0.9999292,1,1.0,True,0.014980397800079596,0.024955899655868558,0.022355986312711806,0.02189643467612494,0.02152057380634924,0.02028684740728741,0.02218663308404427,0.021820413135594335,0.02165147325966722,0.02135659447012531
ViTscratch,150,43,0.99994063,1,1.0,True,0.026166045761564036,0.025759264114373445,0.028571275215084166,0.028534246270967897,0.026171460815763624,0.024429143748025985,0.02173405708869142,0.020705127719288424,0.01950399374574524,0.020193707531042007
ViTscratch,150,43,0.9995254,1,1.0,True,0.006436104605773088,0.01327092025148096,0.017578215008899424,0.015656516460129083,0.015050627240322004,0.014469607753387393,0.014610139012726875,0.015914989378523828,0.016033262454416965,0.01659396546465522
ViTscratch,150,43,0.99970824,1,1.0,True,0.014897444919688281,0.010420520382307657,0.016178271310637614,0.01982619693977973,0.018175095835139935,0.017435597559869447,0.017440239257605843,0.017582793593278107,0.017482370841629288,0.016452518324206446
ViTscratch,150,43,0.99989045,1,1.0,True,0.008426450324873776,0.01471269978022153,0.019237046479184502,0.01455772453838566,0.01653321086967722,0.01746084791363453,0.017251007725188002,0.018006518180618603,0.019261560885409493,0.018791213960605617
ViTscratch,150,43,0.9933391,1,1.0,True,0.024875322701263938,0.015491323821803798,0.016283303023940206,0.014877624921913435,0.014301701160339299,0.014825838256629956,0.015452231831602634,0.016144417999155124,0.01742381883951252,0.016787343643333844
ViTscratch,150,43,0.99906987,1,1.0,True,0.023604719271660773,0.015439707647444944,0.01856403379648701,0.020025706129404047,0.022295717336949513,0.02287451075154893,0.023836701389807705,0.02157313294689971,0.019867346458571446,0.02077794284062456
ViTscratch,150,43,0.9999622,1,1.0,True,0.03122858054966548,0.028682992969766934,0.030563449523745928,0.025528779916157974,0.024208777880437356,0.024154378202681508,0.022260001282265705,0.023895239673096185,0.024070213169952018,0.02376663310432706
ViTscratch,150,43,0.99419326,1,1.0,True,0.02252169092685727,0.016933540878693615,0.019334069957509956,0.015850974953818372,0.01839533959611954,0.0175769698367621,0.017474797798495128,0.017859379256863157,0.01819513489505515,0.01834080627061965
ViTscratch,150,43,0.9999291,1,1.0,True,0.007155118637543057,0.01826536755363177,0.021223334203808245,0.020197348515754707,0.021346839544009705,0.020080234017493745,0.01961890534637538,0.02050265613275496,0.01973941071393158,0.01821542214298446
